cliente_id,produto,categoria,regiao,quantidade,valor,data
C0001,Notebook,Informática,Centro-Oeste,1,3500,2026-04-15
C0002,Notebook,Informática,Nordeste,5,17500,2026-09-04
C0003,Impressora,Escritório,Centro-Oeste,2,1500,2026-07-09
C0004,Cadeira Gamer,Móveis,Nordeste,5,6500,2026-02-15
C0005,Impressora,Escritório,Norte,2,1500,2026-01-18
C0006,Headset,Áudio,Nordeste,3,840,2026-10-11
C0007,Teclado,Periféricos,Nordeste,1,220,2026-09-25
C0008,Teclado,Periféricos,Centro-Oeste,5,1100,2026-02-08
C0009,SSD,Armazenamento,Norte,5,2250,2026-09-27
C0010,SSD,Armazenamento,Sudeste,3,1350,2026-09-22
C0011,SSD,Armazenamento,Sul,1,450,2026-05-14
C0012,Mouse,Periféricos,Centro-Oeste,2,240,2026-10-25
C0013,Cadeira Gamer,Móveis,Centro-Oeste,5,6500,2026-04-03
C0014,Celular,Telefonia,Sul,4,8800,2026-11-11
C0015,Celular,Telefonia,Centro-Oeste,3,6600,2026-12-01
C0016,Monitor,Informática,Sul,4,3600,2026-08-02
C0017,Headset,Áudio,Norte,2,560,2026-10-06
C0018,Webcam,Periféricos,Sudeste,3,540,2026-11-07
C0019,Celular,Telefonia,Nordeste,4,8800,2026-11-15
C0020,Celular,Telefonia,Sudeste,3,6600,2026-08-19
C0021,Mouse,Periféricos,Norte,2,240,2026-06-20
C0022,Cadeira Gamer,Móveis,Centro-Oeste,1,1300,2026-09-24
C0023,Impressora,Escritório,Nordeste,3,2250,2026-10-30
C0024,Webcam,Periféricos,Sul,5,900,2026-10-14
C0025,SSD,Armazenamento,Sul,5,2250,2026-10-21
C0026,Notebook,Informática,Centro-Oeste,2,7000,2026-10-29
C0027,Cadeira Gamer,Móveis,Sudeste,2,2600,2026-08-15
C0028,Mouse,Periféricos,Norte,5,600,2026-08-27
C0029,Webcam,Periféricos,Nordeste,1,180,2026-04-27
C0030,Monitor,Informática,Sul,2,1800,2026-07-28
C0031,Notebook,Informática,Sul,3,10500,2026-09-01
C0032,Cadeira Gamer,Móveis,Nordeste,5,6500,2026-05-27
C0033,SSD,Armazenamento,Sudeste,2,900,2026-11-05
C0034,Webcam,Periféricos,Norte,2,360,2026-03-26
C0035,SSD,Armazenamento,Norte,2,900,2026-12-19
C0036,Headset,Áudio,Sul,5,1400,2026-12-01
C0037,Mouse,Periféricos,Sudeste,2,240,2026-02-26
C0038,Cadeira Gamer,Móveis,Centro-Oeste,2,2600,2026-01-31
C0039,SSD,Armazenamento,Norte,1,450,2026-04-27
C0040,Mouse,Periféricos,Sudeste,3,360,2026-10-04
C0041,Headset,Áudio,Nordeste,5,1400,2026-10-30
C0042,SSD,Armazenamento,Norte,3,1350,2026-02-05
C0043,Impressora,Escritório,Sudeste,4,3000,2026-08-26
C0044,Teclado,Periféricos,Centro-Oeste,2,440,2026-02-07
C0045,SSD,Armazenamento,Norte,2,900,2026-09-03
C0046,Mouse,Periféricos,Nordeste,1,120,2026-01-17
C0047,Mouse,Periféricos,Norte,1,120,2026-11-08
C0048,Celular,Telefonia,Sudeste,5,11000,2026-11-09
C0049,Headset,Áudio,Sul,4,1120,2026-05-07
C0050,Cadeira Gamer,Móveis,Nordeste,2,2600,2026-03-07
C0051,Cadeira Gamer,Móveis,Sul,1,1300,2026-01-03
C0052,Notebook,Informática,Sudeste,4,14000,2026-04-15
C0053,Monitor,Informática,Sudeste,2,1800,2026-01-17
C0054,SSD,Armazenamento,Nordeste,5,2250,2026-02-06
C0055,Celular,Telefonia,Sul,2,4400,2026-05-13
C0056,Impressora,Escritório,Sul,4,3000,2026-12-18
C0057,Monitor,Informática,Sudeste,3,2700,2026-02-06
C0058,Monitor,Informática,Centro-Oeste,4,3600,2026-11-24
C0059,Teclado,Periféricos,Centro-Oeste,2,440,2026-06-22
C0060,Headset,Áudio,Sul,1,280,2026-04-12
C0061,Notebook,Informática,Centro-Oeste,4,14000,2026-05-28
C0062,Webcam,Periféricos,Sudeste,5,900,2026-03-20
C0063,Impressora,Escritório,Nordeste,4,3000,2026-07-21
C0064,Webcam,Periféricos,Nordeste,5,900,2026-07-26
C0065,Notebook,Informática,Sudeste,5,17500,2026-09-09
C0066,Teclado,Periféricos,Centro-Oeste,5,1100,2026-10-14
C0067,Monitor,Informática,Sul,3,2700,2026-07-29
C0068,Monitor,Informática,Sul,4,3600,2026-05-11
C0069,Mouse,Periféricos,Sul,5,600,2026-10-20
C0070,Webcam,Periféricos,Nordeste,1,180,2026-10-17
C0071,SSD,Armazenamento,Nordeste,3,1350,2026-02-25
C0072,Celular,Telefonia,Nordeste,1,2200,2026-03-24
C0073,SSD,Armazenamento,Norte,5,2250,2026-04-12
C0074,Monitor,Informática,Sudeste,4,3600,2026-06-30
C0075,Celular,Telefonia,Nordeste,3,6600,2026-05-25
C0076,Cadeira Gamer,Móveis,Nordeste,5,6500,2026-10-19
C0077,SSD,Armazenamento,Norte,3,1350,2026-05-12
C0078,SSD,Armazenamento,Nordeste,5,2250,2026-04-06
C0079,Webcam,Periféricos,Sudeste,1,180,2026-06-19
C0080,Headset,Áudio,Nordeste,2,560,2026-05-10
C0081,Mouse,Periféricos,Centro-Oeste,1,120,2026-03-19
C0082,Mouse,Periféricos,Sul,5,600,2026-01-24
C0083,Mouse,Periféricos,Centro-Oeste,1,120,2026-01-24
C0084,Monitor,Informática,Nordeste,2,1800,2026-01-18
C0085,Mouse,Periféricos,Centro-Oeste,1,120,2026-09-17
C0086,Teclado,Periféricos,Sudeste,4,880,2026-11-22
C0087,Teclado,Periféricos,Centro-Oeste,5,1100,2026-07-20
C0088,Celular,Telefonia,Centro-Oeste,3,6600,2026-05-25
C0089,Mouse,Periféricos,Norte,3,360,2026-04-06
C0090,Monitor,Informática,Norte,2,1800,2026-06-15
C0091,SSD,Armazenamento,Centro-Oeste,1,450,2026-09-23
C0092,Notebook,Informática,Nordeste,3,10500,2026-06-28
C0093,Mouse,Periféricos,Nordeste,4,480,2026-04-07
C0094,Celular,Telefonia,Sudeste,1,2200,2026-03-01
C0095,Webcam,Periféricos,Nordeste,5,900,2026-02-15
C0096,Cadeira Gamer,Móveis,Sul,5,6500,2026-02-04
C0097,Celular,Telefonia,Sul,3,6600,2026-05-07
C0098,Webcam,Periféricos,Norte,5,900,2026-11-04
C0099,Impressora,Escritório,Sudeste,1,750,2026-07-16
C0100,Impressora,Escritório,Norte,5,3750,2026-04-05
C0101,Notebook,Informática,Norte,2,7000,2026-03-26
C0102,Teclado,Periféricos,Nordeste,3,660,2026-06-23
C0103,SSD,Armazenamento,Sul,5,2250,2026-04-12
C0104,Monitor,Informática,Norte,1,900,2026-05-03
C0105,Mouse,Periféricos,Sudeste,1,120,2026-11-02
C0106,Notebook,Informática,Centro-Oeste,2,7000,2026-08-09
C0107,Notebook,Informática,Sul,3,10500,2026-06-07
C0108,Celular,Telefonia,Norte,5,11000,2026-01-13
C0109,Headset,Áudio,Sudeste,2,560,2026-11-25
C0110,Mouse,Periféricos,Centro-Oeste,1,120,2026-10-23
C0111,Headset,Áudio,Nordeste,3,840,2026-10-07
C0112,SSD,Armazenamento,Nordeste,4,1800,2026-07-22
C0113,Impressora,Escritório,Nordeste,4,3000,2026-12-24
C0114,Celular,Telefonia,Sul,3,6600,2026-02-27
C0115,SSD,Armazenamento,Nordeste,5,2250,2026-04-23
C0116,Teclado,Periféricos,Nordeste,2,440,2026-04-17
C0117,Headset,Áudio,Sul,5,1400,2026-08-07
C0118,Notebook,Informática,Nordeste,4,14000,2026-07-29
C0119,Teclado,Periféricos,Sul,1,220,2026-08-27
C0120,Impressora,Escritório,Sudeste,1,750,2026-06-01
C0121,SSD,Armazenamento,Norte,1,450,2026-08-31
C0122,Notebook,Informática,Sul,5,17500,2026-11-02
C0123,Impressora,Escritório,Centro-Oeste,2,1500,2026-06-29
C0124,Webcam,Periféricos,Norte,1,180,2026-01-07
C0125,Mouse,Periféricos,Centro-Oeste,1,120,2026-10-07
C0126,Mouse,Periféricos,Sul,2,240,2026-09-29
C0127,Impressora,Escritório,Centro-Oeste,2,1500,2026-07-28
C0128,Mouse,Periféricos,Centro-Oeste,1,120,2026-04-27
C0129,Teclado,Periféricos,Sudeste,4,880,2026-04-11
C0130,Monitor,Informática,Nordeste,5,4500,2026-03-04
C0131,Impressora,Escritório,Norte,3,2250,2026-12-24
C0132,Webcam,Periféricos,Sul,4,720,2026-08-22
C0133,Monitor,Informática,Sul,4,3600,2026-07-07
C0134,Webcam,Periféricos,Norte,5,900,2026-10-10
C0135,Headset,Áudio,Centro-Oeste,4,1120,2026-06-01
C0136,Celular,Telefonia,Nordeste,5,11000,2026-05-17
C0137,Webcam,Periféricos,Sudeste,3,540,2026-01-18
C0138,SSD,Armazenamento,Sul,3,1350,2026-02-21
C0139,Impressora,Escritório,Centro-Oeste,5,3750,2026-04-09
C0140,Cadeira Gamer,Móveis,Sudeste,3,3900,2026-01-31
C0141,Notebook,Informática,Norte,1,3500,2026-04-30
C0142,Webcam,Periféricos,Sudeste,2,360,2026-10-18
C0143,Teclado,Periféricos,Sul,1,220,2026-03-18
C0144,SSD,Armazenamento,Sul,4,1800,2026-06-05
C0145,Headset,Áudio,Nordeste,4,1120,2026-11-28
C0146,Mouse,Periféricos,Norte,3,360,2026-10-26
C0147,Mouse,Periféricos,Nordeste,1,120,2026-10-19
C0148,Impressora,Escritório,Nordeste,3,2250,2026-07-15
C0149,Mouse,Periféricos,Centro-Oeste,4,480,2026-10-31
C0150,Webcam,Periféricos,Sudeste,5,900,2026-08-06
C0151,Impressora,Escritório,Sudeste,3,2250,2026-02-23
C0152,Cadeira Gamer,Móveis,Sudeste,4,5200,2026-08-12
C0153,Celular,Telefonia,Sul,5,11000,2026-04-26
C0154,Cadeira Gamer,Móveis,Centro-Oeste,3,3900,2026-07-21
C0155,Impressora,Escritório,Nordeste,4,3000,2026-09-26
C0156,Impressora,Escritório,Centro-Oeste,2,1500,2026-03-16
C0157,SSD,Armazenamento,Norte,4,1800,2026-06-23
C0158,Webcam,Periféricos,Norte,1,180,2026-10-28
C0159,Mouse,Periféricos,Sul,3,360,2026-11-17
C0160,Webcam,Periféricos,Sudeste,1,180,2026-09-17
C0161,Monitor,Informática,Sul,4,3600,2026-01-23
C0162,Teclado,Periféricos,Centro-Oeste,2,440,2026-07-13
C0163,Mouse,Periféricos,Sudeste,3,360,2026-01-03
C0164,Monitor,Informática,Sul,1,900,2026-02-17
C0165,Webcam,Periféricos,Nordeste,3,540,2026-03-07
C0166,Headset,Áudio,Sudeste,2,560,2026-11-25
C0167,Teclado,Periféricos,Nordeste,2,440,2026-10-20
C0168,Headset,Áudio,Centro-Oeste,1,280,2026-04-07
C0169,Cadeira Gamer,Móveis,Centro-Oeste,1,1300,2026-01-16
C0170,Impressora,Escritório,Sudeste,2,1500,2026-11-30
C0171,Monitor,Informática,Sudeste,4,3600,2026-01-30
C0172,Celular,Telefonia,Sudeste,3,6600,2026-03-08
C0173,Webcam,Periféricos,Nordeste,4,720,2026-11-01
C0174,Headset,Áudio,Centro-Oeste,4,1120,2026-02-19
C0175,Celular,Telefonia,Centro-Oeste,4,8800,2026-09-03
C0176,SSD,Armazenamento,Centro-Oeste,4,1800,2026-12-10
C0177,Mouse,Periféricos,Centro-Oeste,1,120,2026-02-28
C0178,Impressora,Escritório,Nordeste,4,3000,2026-04-17
C0179,Mouse,Periféricos,Nordeste,4,480,2026-10-25
C0180,Headset,Áudio,Sul,1,280,2026-10-01
C0181,Headset,Áudio,Sudeste,3,840,2026-07-30
C0182,Celular,Telefonia,Sul,5,11000,2026-03-29
C0183,Webcam,Periféricos,Sudeste,1,180,2026-01-24
C0184,Notebook,Informática,Sudeste,3,10500,2026-01-09
C0185,Notebook,Informática,Sul,1,3500,2026-09-21
C0186,Celular,Telefonia,Centro-Oeste,1,2200,2026-12-26
C0187,Headset,Áudio,Sul,3,840,2026-08-16
C0188,Monitor,Informática,Sul,2,1800,2026-11-28
C0189,SSD,Armazenamento,Nordeste,2,900,2026-08-14
C0190,Mouse,Periféricos,Sul,3,360,2026-06-16
C0191,Celular,Telefonia,Centro-Oeste,5,11000,2026-02-04
C0192,Headset,Áudio,Centro-Oeste,2,560,2026-03-29
C0193,Webcam,Periféricos,Nordeste,4,720,2026-12-22
C0194,Mouse,Periféricos,Centro-Oeste,3,360,2026-08-06
C0195,Monitor,Informática,Centro-Oeste,5,4500,2026-09-08
C0196,Webcam,Periféricos,Sul,1,180,2026-04-04
C0197,Webcam,Periféricos,Centro-Oeste,1,180,2026-09-06
C0198,Notebook,Informática,Sudeste,1,3500,2026-01-05
C0199,Headset,Áudio,Norte,5,1400,2026-04-03
C0200,Teclado,Periféricos,Norte,5,1100,2026-08-06
C0201,Cadeira Gamer,Móveis,Norte,5,6500,2026-02-13
C0202,Teclado,Periféricos,Sudeste,1,220,2026-12-27
C0203,Monitor,Informática,Norte,4,3600,2026-12-19
C0204,Webcam,Periféricos,Centro-Oeste,5,900,2026-02-19
C0205,Mouse,Periféricos,Norte,4,480,2026-09-11
C0206,Notebook,Informática,Sul,2,7000,2026-06-25
C0207,SSD,Armazenamento,Centro-Oeste,5,2250,2026-08-27
C0208,SSD,Armazenamento,Nordeste,5,2250,2026-05-13
C0209,SSD,Armazenamento,Nordeste,3,1350,2026-01-31
C0210,SSD,Armazenamento,Norte,4,1800,2026-03-16
C0211,Celular,Telefonia,Sul,3,6600,2026-04-01
C0212,Webcam,Periféricos,Norte,1,180,2026-09-24
C0213,Webcam,Periféricos,Nordeste,2,360,2026-03-30
C0214,Cadeira Gamer,Móveis,Nordeste,2,2600,2026-09-15
C0215,Webcam,Periféricos,Norte,5,900,2026-06-10
C0216,Teclado,Periféricos,Centro-Oeste,3,660,2026-10-27
C0217,Headset,Áudio,Centro-Oeste,5,1400,2026-07-02
C0218,Teclado,Periféricos,Sudeste,3,660,2026-08-07
C0219,Headset,Áudio,Norte,2,560,2026-11-21
C0220,Celular,Telefonia,Centro-Oeste,5,11000,2026-09-15
C0221,Monitor,Informática,Sudeste,5,4500,2026-08-15
C0222,Monitor,Informática,Sudeste,2,1800,2026-10-15
C0223,Headset,Áudio,Norte,1,280,2026-04-27
C0224,SSD,Armazenamento,Nordeste,1,450,2026-11-13
C0225,Notebook,Informática,Nordeste,1,3500,2026-05-07
C0226,Webcam,Periféricos,Sudeste,4,720,2026-12-01
C0227,Teclado,Periféricos,Centro-Oeste,2,440,2026-02-21
C0228,Mouse,Periféricos,Sul,4,480,2026-05-04
C0229,Teclado,Periféricos,Sul,5,1100,2026-01-30
C0230,Notebook,Informática,Nordeste,3,10500,2026-08-10
C0231,Webcam,Periféricos,Norte,1,180,2026-10-16
C0232,Webcam,Periféricos,Norte,4,720,2026-11-19
C0233,Mouse,Periféricos,Sudeste,5,600,2026-05-12
C0234,Mouse,Periféricos,Sudeste,5,600,2026-01-18
C0235,Monitor,Informática,Nordeste,1,900,2026-11-04
C0236,Teclado,Periféricos,Centro-Oeste,3,660,2026-05-27
C0237,Impressora,Escritório,Centro-Oeste,4,3000,2026-02-20
C0238,SSD,Armazenamento,Nordeste,3,1350,2026-06-08
C0239,Impressora,Escritório,Sul,2,1500,2026-07-29
C0240,Webcam,Periféricos,Centro-Oeste,1,180,2026-07-22
C0241,Webcam,Periféricos,Nordeste,2,360,2026-03-30
C0242,Celular,Telefonia,Norte,2,4400,2026-04-04
C0243,Cadeira Gamer,Móveis,Sudeste,4,5200,2026-07-12
C0244,Notebook,Informática,Sudeste,2,7000,2026-10-30
C0245,Monitor,Informática,Sul,5,4500,2026-08-25
C0246,Webcam,Periféricos,Sul,4,720,2026-09-28
C0247,Notebook,Informática,Nordeste,5,17500,2026-02-09
C0248,Webcam,Periféricos,Sudeste,1,180,2026-03-21
C0249,Mouse,Periféricos,Sudeste,1,120,2026-12-15
C0250,Headset,Áudio,Sudeste,4,1120,2026-12-08
C0251,Notebook,Informática,Norte,4,14000,2026-08-30
C0252,Teclado,Periféricos,Norte,5,1100,2026-06-23
C0253,Notebook,Informática,Norte,1,3500,2026-01-01
C0254,Cadeira Gamer,Móveis,Norte,1,1300,2026-11-12
C0255,Headset,Áudio,Norte,2,560,2026-01-02
C0256,Impressora,Escritório,Norte,2,1500,2026-06-28
C0257,Impressora,Escritório,Nordeste,2,1500,2026-12-04
C0258,Notebook,Informática,Centro-Oeste,2,7000,2026-09-30
C0259,Cadeira Gamer,Móveis,Sul,2,2600,2026-06-19
C0260,Impressora,Escritório,Norte,4,3000,2026-03-06
C0261,Headset,Áudio,Norte,2,560,2026-02-27
C0262,Mouse,Periféricos,Nordeste,2,240,2026-11-11
C0263,Mouse,Periféricos,Nordeste,5,600,2026-02-08
C0264,Teclado,Periféricos,Nordeste,2,440,2026-12-06
C0265,Celular,Telefonia,Nordeste,2,4400,2026-04-26
C0266,Impressora,Escritório,Norte,4,3000,2026-05-09
C0267,Notebook,Informática,Sudeste,3,10500,2026-02-02
C0268,SSD,Armazenamento,Nordeste,1,450,2026-08-14
C0269,Teclado,Periféricos,Nordeste,1,220,2026-10-28
C0270,Cadeira Gamer,Móveis,Nordeste,1,1300,2026-01-11
C0271,Impressora,Escritório,Centro-Oeste,5,3750,2026-02-09
C0272,Celular,Telefonia,Centro-Oeste,1,2200,2026-10-28
C0273,Cadeira Gamer,Móveis,Sul,3,3900,2026-04-24
C0274,Headset,Áudio,Norte,5,1400,2026-07-03
C0275,Celular,Telefonia,Nordeste,3,6600,2026-03-15
C0276,Notebook,Informática,Norte,4,14000,2026-11-01
C0277,Cadeira Gamer,Móveis,Centro-Oeste,2,2600,2026-12-03
C0278,Notebook,Informática,Sul,2,7000,2026-09-11
C0279,SSD,Armazenamento,Sul,4,1800,2026-06-07
C0280,Teclado,Periféricos,Centro-Oeste,1,220,2026-06-19
C0281,Mouse,Periféricos,Sul,1,120,2026-04-12
C0282,Celular,Telefonia,Nordeste,5,11000,2026-06-19
C0283,Teclado,Periféricos,Sudeste,1,220,2026-11-11
C0284,Teclado,Periféricos,Norte,3,660,2026-12-07
C0285,Celular,Telefonia,Centro-Oeste,5,11000,2026-07-27
C0286,SSD,Armazenamento,Sul,2,900,2026-09-08
C0287,Impressora,Escritório,Nordeste,3,2250,2026-04-27
C0288,Mouse,Periféricos,Norte,3,360,2026-02-05
C0289,Impressora,Escritório,Sul,4,3000,2026-11-10
C0290,Cadeira Gamer,Móveis,Norte,3,3900,2026-05-19
C0291,Impressora,Escritório,Norte,2,1500,2026-12-09
C0292,Notebook,Informática,Norte,2,7000,2026-03-17
C0293,Impressora,Escritório,Norte,1,750,2026-09-04
C0294,Notebook,Informática,Centro-Oeste,1,3500,2026-04-03
C0295,Headset,Áudio,Nordeste,5,1400,2026-04-05
C0296,Cadeira Gamer,Móveis,Norte,5,6500,2026-02-05
C0297,Impressora,Escritório,Norte,1,750,2026-01-20
C0298,Cadeira Gamer,Móveis,Sudeste,2,2600,2026-11-11
C0299,Cadeira Gamer,Móveis,Sul,5,6500,2026-11-24
C0300,Monitor,Informática,Sudeste,3,2700,2026-04-01
C0301,SSD,Armazenamento,Nordeste,5,2250,2026-03-29
C0302,Monitor,Informática,Centro-Oeste,3,2700,2026-05-21
C0303,Mouse,Periféricos,Sul,5,600,2026-11-24
C0304,Webcam,Periféricos,Norte,5,900,2026-06-28
C0305,Teclado,Periféricos,Nordeste,4,880,2026-01-16
C0306,Notebook,Informática,Sul,3,10500,2026-06-27
C0307,Mouse,Periféricos,Sul,5,600,2026-11-20
C0308,Impressora,Escritório,Norte,3,2250,2026-08-23
C0309,Headset,Áudio,Nordeste,3,840,2026-11-05
C0310,SSD,Armazenamento,Sudeste,2,900,2026-08-30
C0311,Celular,Telefonia,Nordeste,4,8800,2026-12-03
C0312,Notebook,Informática,Sudeste,4,14000,2026-08-19
C0313,Headset,Áudio,Centro-Oeste,1,280,2026-06-29
C0314,Cadeira Gamer,Móveis,Nordeste,4,5200,2026-03-10
C0315,Impressora,Escritório,Norte,2,1500,2026-09-07
C0316,Monitor,Informática,Centro-Oeste,5,4500,2026-12-25
C0317,Mouse,Periféricos,Norte,1,120,2026-04-17
C0318,Cadeira Gamer,Móveis,Sudeste,1,1300,2026-05-15
C0319,Impressora,Escritório,Sudeste,2,1500,2026-11-13
C0320,Headset,Áudio,Nordeste,4,1120,2026-03-13
C0321,Webcam,Periféricos,Sul,4,720,2026-05-06
C0322,Monitor,Informática,Centro-Oeste,4,3600,2026-04-05
C0323,Notebook,Informática,Sudeste,2,7000,2026-06-18
C0324,Impressora,Escritório,Centro-Oeste,2,1500,2026-07-05
C0325,Notebook,Informática,Nordeste,2,7000,2026-10-21
C0326,Monitor,Informática,Centro-Oeste,2,1800,2026-02-20
C0327,Celular,Telefonia,Centro-Oeste,4,8800,2026-08-30
C0328,Notebook,Informática,Sul,1,3500,2026-11-05
C0329,Cadeira Gamer,Móveis,Nordeste,2,2600,2026-12-18
C0330,Celular,Telefonia,Centro-Oeste,4,8800,2026-06-07
C0331,Teclado,Periféricos,Nordeste,2,440,2026-05-03
C0332,Webcam,Periféricos,Centro-Oeste,2,360,2026-10-04
C0333,Webcam,Periféricos,Sul,1,180,2026-12-19
C0334,SSD,Armazenamento,Centro-Oeste,4,1800,2026-07-02
C0335,Headset,Áudio,Sul,3,840,2026-01-23
C0336,Headset,Áudio,Sul,3,840,2026-04-06
C0337,SSD,Armazenamento,Sudeste,4,1800,2026-09-25
C0338,Headset,Áudio,Centro-Oeste,1,280,2026-06-08
C0339,Celular,Telefonia,Sudeste,5,11000,2026-04-29
C0340,Impressora,Escritório,Nordeste,3,2250,2026-10-01
C0341,Headset,Áudio,Sudeste,5,1400,2026-06-21
C0342,Cadeira Gamer,Móveis,Nordeste,3,3900,2026-02-23
C0343,Notebook,Informática,Sudeste,2,7000,2026-01-30
C0344,Notebook,Informática,Nordeste,2,7000,2026-05-26
C0345,Notebook,Informática,Sul,3,10500,2026-09-28
C0346,Headset,Áudio,Nordeste,2,560,2026-03-14
C0347,Impressora,Escritório,Norte,5,3750,2026-03-03
C0348,SSD,Armazenamento,Sul,5,2250,2026-03-31
C0349,Mouse,Periféricos,Centro-Oeste,5,600,2026-01-25
C0350,Celular,Telefonia,Centro-Oeste,3,6600,2026-01-21
C0351,Headset,Áudio,Sudeste,3,840,2026-03-18
C0352,Monitor,Informática,Norte,2,1800,2026-04-26
C0353,Cadeira Gamer,Móveis,Nordeste,3,3900,2026-02-04
C0354,Webcam,Periféricos,Sudeste,3,540,2026-09-11
C0355,Monitor,Informática,Centro-Oeste,4,3600,2026-09-08
C0356,Teclado,Periféricos,Sudeste,3,660,2026-06-27
C0357,SSD,Armazenamento,Sudeste,5,2250,2026-08-08
C0358,Notebook,Informática,Sudeste,4,14000,2026-11-17
C0359,Impressora,Escritório,Nordeste,5,3750,2026-07-28
C0360,Celular,Telefonia,Norte,3,6600,2026-01-02
C0361,Notebook,Informática,Nordeste,4,14000,2026-05-11
C0362,Monitor,Informática,Sul,4,3600,2026-10-29
C0363,Impressora,Escritório,Sul,4,3000,2026-03-17
C0364,Mouse,Periféricos,Centro-Oeste,3,360,2026-01-18
C0365,Notebook,Informática,Nordeste,3,10500,2026-04-27
C0366,Notebook,Informática,Nordeste,4,14000,2026-12-30
C0367,Teclado,Periféricos,Centro-Oeste,2,440,2026-09-15
C0368,Cadeira Gamer,Móveis,Centro-Oeste,3,3900,2026-04-02
C0369,SSD,Armazenamento,Nordeste,1,450,2026-03-07
C0370,Mouse,Periféricos,Sudeste,1,120,2026-06-20
C0371,Celular,Telefonia,Norte,5,11000,2026-04-13
C0372,Notebook,Informática,Centro-Oeste,1,3500,2026-07-21
C0373,Notebook,Informática,Sul,4,14000,2026-06-21
C0374,Mouse,Periféricos,Centro-Oeste,5,600,2026-01-25
C0375,Headset,Áudio,Norte,5,1400,2026-09-03
C0376,Notebook,Informática,Norte,5,17500,2026-12-21
C0377,Mouse,Periféricos,Nordeste,3,360,2026-04-15
C0378,Headset,Áudio,Sul,5,1400,2026-03-09
C0379,Headset,Áudio,Sudeste,1,280,2026-03-28
C0380,Monitor,Informática,Sudeste,4,3600,2026-01-04
C0381,Impressora,Escritório,Sudeste,3,2250,2026-09-16
C0382,Webcam,Periféricos,Nordeste,2,360,2026-01-11
C0383,Cadeira Gamer,Móveis,Sudeste,3,3900,2026-06-27
C0384,Webcam,Periféricos,Nordeste,3,540,2026-11-04
C0385,Teclado,Periféricos,Sul,1,220,2026-03-08
C0386,Monitor,Informática,Centro-Oeste,2,1800,2026-02-08
C0387,Celular,Telefonia,Centro-Oeste,4,8800,2026-09-22
C0388,Headset,Áudio,Centro-Oeste,5,1400,2026-02-01
C0389,Notebook,Informática,Norte,1,3500,2026-05-22
C0390,Cadeira Gamer,Móveis,Nordeste,2,2600,2026-01-21
C0391,Monitor,Informática,Sul,3,2700,2026-01-31
C0392,Mouse,Periféricos,Sudeste,4,480,2026-10-14
C0393,Impressora,Escritório,Norte,5,3750,2026-03-14
C0394,Notebook,Informática,Norte,5,17500,2026-10-31
C0395,Notebook,Informática,Norte,4,14000,2026-07-30
C0396,Cadeira Gamer,Móveis,Centro-Oeste,4,5200,2026-01-13
C0397,Cadeira Gamer,Móveis,Sudeste,5,6500,2026-07-26
C0398,Cadeira Gamer,Móveis,Sudeste,4,5200,2026-12-20
C0399,SSD,Armazenamento,Norte,3,1350,2026-03-05
C0400,Webcam,Periféricos,Norte,1,180,2026-10-01
C0401,Monitor,Informática,Centro-Oeste,1,900,2026-09-30
C0402,Celular,Telefonia,Centro-Oeste,1,2200,2026-10-27
C0403,SSD,Armazenamento,Sul,3,1350,2026-06-11
C0404,Impressora,Escritório,Centro-Oeste,2,1500,2026-09-01
C0405,SSD,Armazenamento,Norte,1,450,2026-08-03
C0406,Headset,Áudio,Norte,3,840,2026-07-12
C0407,Mouse,Periféricos,Centro-Oeste,4,480,2026-08-05
C0408,Cadeira Gamer,Móveis,Sul,5,6500,2026-08-17
C0409,Monitor,Informática,Sudeste,3,2700,2026-01-04
C0410,Celular,Telefonia,Nordeste,4,8800,2026-05-19
C0411,Monitor,Informática,Sul,5,4500,2026-05-05
C0412,Celular,Telefonia,Norte,4,8800,2026-02-27
C0413,SSD,Armazenamento,Centro-Oeste,5,2250,2026-02-24
C0414,Notebook,Informática,Sudeste,3,10500,2026-05-30
C0415,Celular,Telefonia,Sudeste,2,4400,2026-04-28
C0416,Notebook,Informática,Sul,1,3500,2026-06-09
C0417,Headset,Áudio,Sudeste,1,280,2026-12-25
C0418,Headset,Áudio,Centro-Oeste,4,1120,2026-07-21
C0419,Notebook,Informática,Centro-Oeste,1,3500,2026-04-08
C0420,Mouse,Periféricos,Centro-Oeste,5,600,2026-01-04
C0421,SSD,Armazenamento,Centro-Oeste,4,1800,2026-03-17
C0422,Notebook,Informática,Sudeste,3,10500,2026-09-27
C0423,Cadeira Gamer,Móveis,Sul,1,1300,2026-07-22
C0424,SSD,Armazenamento,Centro-Oeste,4,1800,2026-03-25
C0425,Monitor,Informática,Centro-Oeste,4,3600,2026-01-22
C0426,Headset,Áudio,Nordeste,3,840,2026-01-17
C0427,Teclado,Periféricos,Centro-Oeste,2,440,2026-06-14
C0428,SSD,Armazenamento,Nordeste,3,1350,2026-11-06
C0429,Notebook,Informática,Sul,1,3500,2026-09-13
C0430,SSD,Armazenamento,Centro-Oeste,1,450,2026-12-20
C0431,Notebook,Informática,Sudeste,4,14000,2026-10-11
C0432,Teclado,Periféricos,Sudeste,2,440,2026-08-07
C0433,Headset,Áudio,Norte,5,1400,2026-08-19
C0434,Notebook,Informática,Nordeste,1,3500,2026-09-18
C0435,Notebook,Informática,Nordeste,5,17500,2026-01-04
C0436,Monitor,Informática,Centro-Oeste,3,2700,2026-05-06
C0437,Webcam,Periféricos,Norte,1,180,2026-09-03
C0438,Impressora,Escritório,Sudeste,2,1500,2026-12-20
C0439,SSD,Armazenamento,Sudeste,5,2250,2026-12-05
C0440,Webcam,Periféricos,Sul,5,900,2026-09-27
C0441,Mouse,Periféricos,Norte,1,120,2026-07-28
C0442,Headset,Áudio,Nordeste,2,560,2026-01-10
C0443,Headset,Áudio,Centro-Oeste,5,1400,2026-05-26
C0444,SSD,Armazenamento,Sul,3,1350,2026-11-14
C0445,Webcam,Periféricos,Norte,4,720,2026-09-18
C0446,Impressora,Escritório,Norte,5,3750,2026-05-01
C0447,Cadeira Gamer,Móveis,Sudeste,1,1300,2026-07-27
C0448,Headset,Áudio,Centro-Oeste,4,1120,2026-03-29
C0449,Mouse,Periféricos,Sul,5,600,2026-08-03
C0450,Mouse,Periféricos,Sul,4,480,2026-08-06
C0451,Notebook,Informática,Sudeste,2,7000,2026-10-16
C0452,Headset,Áudio,Sudeste,2,560,2026-12-04
C0453,Celular,Telefonia,Sudeste,5,11000,2026-09-15
C0454,Webcam,Periféricos,Norte,2,360,2026-11-03
C0455,Headset,Áudio,Sudeste,3,840,2026-02-08
C0456,Webcam,Periféricos,Norte,3,540,2026-04-07
C0457,Teclado,Periféricos,Nordeste,2,440,2026-05-04
C0458,Teclado,Periféricos,Centro-Oeste,3,660,2026-12-25
C0459,Mouse,Periféricos,Sul,4,480,2026-07-20
C0460,SSD,Armazenamento,Nordeste,1,450,2026-01-03
C0461,Cadeira Gamer,Móveis,Centro-Oeste,5,6500,2026-04-26
C0462,Teclado,Periféricos,Nordeste,2,440,2026-09-19
C0463,Teclado,Periféricos,Sudeste,5,1100,2026-01-18
C0464,Webcam,Periféricos,Centro-Oeste,2,360,2026-02-04
C0465,Notebook,Informática,Sudeste,1,3500,2026-04-02
C0466,Headset,Áudio,Nordeste,4,1120,2026-09-22
C0467,Notebook,Informática,Nordeste,4,14000,2026-03-02
C0468,Webcam,Periféricos,Sul,5,900,2026-02-12
C0469,Mouse,Periféricos,Nordeste,1,120,2026-11-05
C0470,Celular,Telefonia,Nordeste,4,8800,2026-09-21
C0471,SSD,Armazenamento,Nordeste,1,450,2026-04-13
C0472,Notebook,Informática,Sul,2,7000,2026-03-08
C0473,Impressora,Escritório,Sudeste,3,2250,2026-12-05
C0474,Celular,Telefonia,Sul,3,6600,2026-12-09
C0475,Webcam,Periféricos,Norte,3,540,2026-10-31
C0476,Notebook,Informática,Sudeste,1,3500,2026-10-25
C0477,Monitor,Informática,Norte,4,3600,2026-06-27
C0478,Notebook,Informática,Centro-Oeste,2,7000,2026-04-06
C0479,Webcam,Periféricos,Sul,5,900,2026-10-25
C0480,Mouse,Periféricos,Centro-Oeste,4,480,2026-12-08
C0481,Mouse,Periféricos,Sudeste,1,120,2026-07-22
C0482,SSD,Armazenamento,Nordeste,4,1800,2026-11-11
C0483,Notebook,Informática,Norte,3,10500,2026-04-01
C0484,Headset,Áudio,Sul,3,840,2026-02-02
C0485,SSD,Armazenamento,Norte,3,1350,2026-03-23
C0486,Cadeira Gamer,Móveis,Sudeste,2,2600,2026-09-19
C0487,Cadeira Gamer,Móveis,Sul,2,2600,2026-05-30
C0488,Notebook,Informática,Norte,5,17500,2026-08-15
C0489,Cadeira Gamer,Móveis,Norte,3,3900,2026-10-10
C0490,Notebook,Informática,Centro-Oeste,4,14000,2026-02-18
C0491,Celular,Telefonia,Nordeste,3,6600,2026-12-30
C0492,Celular,Telefonia,Sudeste,5,11000,2026-01-17
C0493,Monitor,Informática,Centro-Oeste,3,2700,2026-05-22
C0494,Teclado,Periféricos,Sudeste,1,220,2026-09-25
C0495,Celular,Telefonia,Sul,3,6600,2026-02-08
C0496,Teclado,Periféricos,Sudeste,2,440,2026-11-26
C0497,Notebook,Informática,Sudeste,1,3500,2026-08-20
C0498,Headset,Áudio,Sul,1,280,2026-10-10
C0499,Mouse,Periféricos,Centro-Oeste,3,360,2026-12-11
C0500,Webcam,Periféricos,Sul,3,540,2026-05-08
C0501,Impressora,Escritório,Norte,2,1500,2026-10-17
C0502,Impressora,Escritório,Sul,1,750,2026-04-23
C0503,Impressora,Escritório,Norte,4,3000,2026-04-15
C0504,Mouse,Periféricos,Nordeste,5,600,2026-01-25
C0505,Teclado,Periféricos,Norte,1,220,2026-12-23
C0506,Notebook,Informática,Centro-Oeste,3,10500,2026-01-08
C0507,Webcam,Periféricos,Nordeste,1,180,2026-08-10
C0508,Webcam,Periféricos,Norte,5,900,2026-04-11
C0509,SSD,Armazenamento,Norte,2,900,2026-12-09
C0510,Headset,Áudio,Sul,1,280,2026-02-23
C0511,Teclado,Periféricos,Nordeste,4,880,2026-07-14
C0512,Monitor,Informática,Sudeste,5,4500,2026-07-17
C0513,Headset,Áudio,Norte,1,280,2026-06-14
C0514,Mouse,Periféricos,Nordeste,4,480,2026-06-24
C0515,Monitor,Informática,Centro-Oeste,5,4500,2026-05-14
C0516,Monitor,Informática,Nordeste,5,4500,2026-04-01
C0517,SSD,Armazenamento,Sudeste,3,1350,2026-07-05
C0518,Monitor,Informática,Nordeste,2,1800,2026-09-05
C0519,Teclado,Periféricos,Norte,4,880,2026-10-03
C0520,Teclado,Periféricos,Norte,2,440,2026-10-23
C0521,Monitor,Informática,Norte,4,3600,2026-06-18
C0522,Mouse,Periféricos,Centro-Oeste,4,480,2026-11-07
C0523,Impressora,Escritório,Nordeste,1,750,2026-07-09
C0524,Webcam,Periféricos,Nordeste,1,180,2026-01-05
C0525,Teclado,Periféricos,Centro-Oeste,4,880,2026-02-26
C0526,Monitor,Informática,Centro-Oeste,2,1800,2026-01-27
C0527,Notebook,Informática,Sul,4,14000,2026-03-30
C0528,Mouse,Periféricos,Centro-Oeste,3,360,2026-10-23
C0529,Webcam,Periféricos,Sudeste,5,900,2026-02-13
C0530,SSD,Armazenamento,Centro-Oeste,5,2250,2026-08-13
C0531,Webcam,Periféricos,Norte,5,900,2026-10-17
C0532,Teclado,Periféricos,Norte,3,660,2026-06-26
C0533,Teclado,Periféricos,Centro-Oeste,1,220,2026-05-01
C0534,Impressora,Escritório,Nordeste,4,3000,2026-10-04
C0535,Impressora,Escritório,Nordeste,4,3000,2026-02-10
C0536,Webcam,Periféricos,Sudeste,2,360,2026-02-27
C0537,Celular,Telefonia,Centro-Oeste,1,2200,2026-03-16
C0538,SSD,Armazenamento,Nordeste,3,1350,2026-12-22
C0539,Headset,Áudio,Norte,4,1120,2026-12-06
C0540,SSD,Armazenamento,Sul,4,1800,2026-06-12
C0541,Headset,Áudio,Centro-Oeste,5,1400,2026-04-16
C0542,Headset,Áudio,Sudeste,1,280,2026-10-13
C0543,Webcam,Periféricos,Nordeste,3,540,2026-05-14
C0544,SSD,Armazenamento,Nordeste,4,1800,2026-11-18
C0545,Teclado,Periféricos,Nordeste,4,880,2026-12-06
C0546,Notebook,Informática,Centro-Oeste,2,7000,2026-12-05
C0547,Cadeira Gamer,Móveis,Sudeste,4,5200,2026-10-24
C0548,Mouse,Periféricos,Nordeste,3,360,2026-01-15
C0549,Celular,Telefonia,Nordeste,3,6600,2026-08-30
C0550,SSD,Armazenamento,Sul,1,450,2026-07-05
C0551,SSD,Armazenamento,Sul,4,1800,2026-04-01
C0552,Teclado,Periféricos,Norte,1,220,2026-11-26
C0553,Headset,Áudio,Centro-Oeste,2,560,2026-02-06
C0554,Monitor,Informática,Sudeste,2,1800,2026-10-16
C0555,Impressora,Escritório,Norte,5,3750,2026-03-19
C0556,Celular,Telefonia,Nordeste,1,2200,2026-10-05
C0557,Notebook,Informática,Norte,2,7000,2026-09-22
C0558,Teclado,Periféricos,Nordeste,2,440,2026-12-20
C0559,Teclado,Periféricos,Centro-Oeste,3,660,2026-12-03
C0560,Celular,Telefonia,Sudeste,1,2200,2026-05-05
C0561,Webcam,Periféricos,Sudeste,1,180,2026-03-23
C0562,Headset,Áudio,Sudeste,4,1120,2026-04-01
C0563,Monitor,Informática,Norte,5,4500,2026-03-15
C0564,Webcam,Periféricos,Norte,3,540,2026-09-29
C0565,Impressora,Escritório,Sul,4,3000,2026-03-01
C0566,SSD,Armazenamento,Sul,4,1800,2026-07-12
C0567,Cadeira Gamer,Móveis,Norte,1,1300,2026-05-19
C0568,Mouse,Periféricos,Norte,5,600,2026-04-25
C0569,Monitor,Informática,Sudeste,4,3600,2026-07-05
C0570,Cadeira Gamer,Móveis,Sul,5,6500,2026-09-18
C0571,Notebook,Informática,Norte,1,3500,2026-02-15
C0572,Celular,Telefonia,Norte,2,4400,2026-07-29
C0573,Headset,Áudio,Centro-Oeste,3,840,2026-07-22
C0574,Impressora,Escritório,Centro-Oeste,3,2250,2026-08-08
C0575,Headset,Áudio,Sul,1,280,2026-04-05
C0576,Teclado,Periféricos,Sudeste,2,440,2026-08-17
C0577,Headset,Áudio,Sudeste,1,280,2026-06-02
C0578,Cadeira Gamer,Móveis,Sudeste,1,1300,2026-07-23
C0579,Headset,Áudio,Sudeste,5,1400,2026-09-13
C0580,Teclado,Periféricos,Sul,2,440,2026-04-29
C0581,Impressora,Escritório,Centro-Oeste,5,3750,2026-10-16
C0582,Mouse,Periféricos,Nordeste,3,360,2026-07-22
C0583,Headset,Áudio,Centro-Oeste,1,280,2026-12-17
C0584,Notebook,Informática,Centro-Oeste,2,7000,2026-03-16
C0585,Headset,Áudio,Norte,1,280,2026-11-27
C0586,Celular,Telefonia,Sul,5,11000,2026-05-13
C0587,Teclado,Periféricos,Norte,3,660,2026-11-15
C0588,Webcam,Periféricos,Nordeste,1,180,2026-01-15
C0589,Cadeira Gamer,Móveis,Nordeste,3,3900,2026-09-20
C0590,Impressora,Escritório,Sul,3,2250,2026-04-24
C0591,Cadeira Gamer,Móveis,Sul,1,1300,2026-11-30
C0592,Monitor,Informática,Norte,4,3600,2026-03-21
C0593,Impressora,Escritório,Sul,4,3000,2026-08-03
C0594,Monitor,Informática,Nordeste,3,2700,2026-05-22
C0595,Headset,Áudio,Centro-Oeste,1,280,2026-01-14
C0596,Headset,Áudio,Nordeste,5,1400,2026-07-28
C0597,Mouse,Periféricos,Sul,1,120,2026-02-16
C0598,Celular,Telefonia,Sudeste,4,8800,2026-09-30
C0599,Mouse,Periféricos,Sul,1,120,2026-09-26
C0600,Monitor,Informática,Norte,3,2700,2026-10-14
C0601,Cadeira Gamer,Móveis,Sul,5,6500,2026-07-22
C0602,Teclado,Periféricos,Nordeste,4,880,2026-08-20
C0603,Impressora,Escritório,Sul,1,750,2026-08-19
C0604,Teclado,Periféricos,Sul,3,660,2026-02-11
C0605,Webcam,Periféricos,Nordeste,4,720,2026-03-13
C0606,Headset,Áudio,Norte,4,1120,2026-11-29
C0607,Cadeira Gamer,Móveis,Nordeste,3,3900,2026-07-15
C0608,Celular,Telefonia,Sudeste,4,8800,2026-03-27
C0609,Celular,Telefonia,Centro-Oeste,3,6600,2026-05-06
C0610,Monitor,Informática,Centro-Oeste,2,1800,2026-08-30
C0611,SSD,Armazenamento,Nordeste,3,1350,2026-04-22
C0612,SSD,Armazenamento,Nordeste,2,900,2026-11-25
C0613,Teclado,Periféricos,Norte,1,220,2026-10-19
C0614,Webcam,Periféricos,Centro-Oeste,3,540,2026-03-06
C0615,Headset,Áudio,Centro-Oeste,5,1400,2026-11-21
C0616,Cadeira Gamer,Móveis,Centro-Oeste,5,6500,2026-03-21
C0617,Headset,Áudio,Sul,3,840,2026-01-12
C0618,Impressora,Escritório,Sudeste,2,1500,2026-01-07
C0619,Headset,Áudio,Norte,4,1120,2026-03-04
C0620,Webcam,Periféricos,Sudeste,3,540,2026-11-24
C0621,Teclado,Periféricos,Centro-Oeste,4,880,2026-12-12
C0622,Webcam,Periféricos,Centro-Oeste,2,360,2026-02-17
C0623,Headset,Áudio,Norte,5,1400,2026-06-01
C0624,SSD,Armazenamento,Centro-Oeste,3,1350,2026-04-08
C0625,Headset,Áudio,Sul,2,560,2026-09-26
C0626,Celular,Telefonia,Sul,5,11000,2026-01-20
C0627,Headset,Áudio,Nordeste,2,560,2026-08-12
C0628,Teclado,Periféricos,Sul,1,220,2026-08-28
C0629,Monitor,Informática,Sudeste,4,3600,2026-04-15
C0630,SSD,Armazenamento,Sudeste,4,1800,2026-07-17
C0631,Impressora,Escritório,Norte,2,1500,2026-06-18
C0632,Teclado,Periféricos,Norte,5,1100,2026-07-20
C0633,Webcam,Periféricos,Sudeste,5,900,2026-02-14
C0634,Teclado,Periféricos,Nordeste,1,220,2026-09-24
C0635,Mouse,Periféricos,Centro-Oeste,2,240,2026-01-11
C0636,Mouse,Periféricos,Centro-Oeste,1,120,2026-07-09
C0637,Webcam,Periféricos,Nordeste,4,720,2026-07-27
C0638,Cadeira Gamer,Móveis,Norte,4,5200,2026-03-06
C0639,Impressora,Escritório,Norte,4,3000,2026-03-24
C0640,Impressora,Escritório,Norte,2,1500,2026-11-09
C0641,Teclado,Periféricos,Sul,5,1100,2026-12-05
C0642,Webcam,Periféricos,Nordeste,4,720,2026-04-09
C0643,SSD,Armazenamento,Centro-Oeste,4,1800,2026-04-13
C0644,Impressora,Escritório,Sudeste,2,1500,2026-09-13
C0645,Notebook,Informática,Nordeste,5,17500,2026-12-11
C0646,Mouse,Periféricos,Sul,3,360,2026-10-25
C0647,Headset,Áudio,Sudeste,2,560,2026-09-09
C0648,Monitor,Informática,Nordeste,5,4500,2026-06-29
C0649,Monitor,Informática,Centro-Oeste,1,900,2026-08-10
C0650,Webcam,Periféricos,Centro-Oeste,4,720,2026-07-16
C0651,Teclado,Periféricos,Sudeste,1,220,2026-05-17
C0652,Mouse,Periféricos,Nordeste,3,360,2026-12-14
C0653,Headset,Áudio,Norte,2,560,2026-06-30
C0654,Monitor,Informática,Sudeste,5,4500,2026-03-11
C0655,Cadeira Gamer,Móveis,Nordeste,1,1300,2026-08-18
C0656,Celular,Telefonia,Nordeste,5,11000,2026-06-16
C0657,Teclado,Periféricos,Sudeste,5,1100,2026-12-29
C0658,Mouse,Periféricos,Sul,3,360,2026-01-03
C0659,Impressora,Escritório,Centro-Oeste,1,750,2026-07-25
C0660,Celular,Telefonia,Nordeste,4,8800,2026-12-14
C0661,Webcam,Periféricos,Norte,1,180,2026-11-19
C0662,Mouse,Periféricos,Centro-Oeste,5,600,2026-12-04
C0663,SSD,Armazenamento,Sul,2,900,2026-10-10
C0664,Cadeira Gamer,Móveis,Norte,3,3900,2026-11-26
C0665,Monitor,Informática,Sudeste,3,2700,2026-03-15
C0666,Webcam,Periféricos,Centro-Oeste,2,360,2026-08-18
C0667,Headset,Áudio,Sudeste,2,560,2026-03-27
C0668,Celular,Telefonia,Sul,4,8800,2026-03-20
C0669,Monitor,Informática,Norte,4,3600,2026-02-08
C0670,Mouse,Periféricos,Nordeste,1,120,2026-08-28
C0671,Cadeira Gamer,Móveis,Sul,3,3900,2026-06-09
C0672,Teclado,Periféricos,Centro-Oeste,3,660,2026-01-28
C0673,SSD,Armazenamento,Sul,1,450,2026-09-13
C0674,Cadeira Gamer,Móveis,Norte,2,2600,2026-10-22
C0675,Webcam,Periféricos,Sudeste,5,900,2026-06-28
C0676,Monitor,Informática,Sul,1,900,2026-06-15
C0677,Headset,Áudio,Centro-Oeste,4,1120,2026-11-18
C0678,Monitor,Informática,Norte,5,4500,2026-04-26
C0679,Teclado,Periféricos,Sudeste,1,220,2026-10-29
C0680,Teclado,Periféricos,Norte,2,440,2026-04-21
C0681,Cadeira Gamer,Móveis,Sudeste,4,5200,2026-10-21
C0682,Celular,Telefonia,Nordeste,5,11000,2026-02-01
C0683,Celular,Telefonia,Centro-Oeste,3,6600,2026-04-28
C0684,Celular,Telefonia,Centro-Oeste,5,11000,2026-06-13
C0685,Celular,Telefonia,Sudeste,4,8800,2026-04-18
C0686,Mouse,Periféricos,Centro-Oeste,1,120,2026-01-11
C0687,Celular,Telefonia,Centro-Oeste,1,2200,2026-05-25
C0688,SSD,Armazenamento,Centro-Oeste,5,2250,2026-12-06
C0689,Mouse,Periféricos,Sul,1,120,2026-01-25
C0690,Cadeira Gamer,Móveis,Centro-Oeste,2,2600,2026-05-21
C0691,SSD,Armazenamento,Sudeste,1,450,2026-07-21
C0692,SSD,Armazenamento,Nordeste,1,450,2026-09-17
C0693,Webcam,Periféricos,Centro-Oeste,4,720,2026-10-07
C0694,SSD,Armazenamento,Nordeste,1,450,2026-09-20
C0695,Mouse,Periféricos,Nordeste,5,600,2026-12-02
C0696,SSD,Armazenamento,Norte,2,900,2026-12-26
C0697,Monitor,Informática,Norte,2,1800,2026-09-22
C0698,Teclado,Periféricos,Sul,3,660,2026-09-02
C0699,Mouse,Periféricos,Sul,1,120,2026-03-10
C0700,Monitor,Informática,Sul,5,4500,2026-03-02
C0701,Celular,Telefonia,Sudeste,3,6600,2026-09-01
C0702,SSD,Armazenamento,Sul,5,2250,2026-07-30
C0703,Mouse,Periféricos,Sul,2,240,2026-10-11
C0704,Monitor,Informática,Sudeste,1,900,2026-10-07
C0705,Headset,Áudio,Nordeste,1,280,2026-10-26
C0706,SSD,Armazenamento,Centro-Oeste,5,2250,2026-08-22
C0707,Notebook,Informática,Norte,4,14000,2026-08-11
C0708,Celular,Telefonia,Norte,1,2200,2026-11-05
C0709,Notebook,Informática,Nordeste,2,7000,2026-01-03
C0710,Impressora,Escritório,Norte,3,2250,2026-10-28
C0711,Monitor,Informática,Sul,4,3600,2026-07-28
C0712,Cadeira Gamer,Móveis,Sul,5,6500,2026-09-15
C0713,Cadeira Gamer,Móveis,Sudeste,2,2600,2026-08-20
C0714,Webcam,Periféricos,Sul,5,900,2026-09-23
C0715,Mouse,Periféricos,Nordeste,3,360,2026-01-15
C0716,Mouse,Periféricos,Centro-Oeste,4,480,2026-06-19
C0717,SSD,Armazenamento,Sul,2,900,2026-03-08
C0718,Celular,Telefonia,Sul,5,11000,2026-11-04
C0719,Cadeira Gamer,Móveis,Sul,3,3900,2026-03-03
C0720,Impressora,Escritório,Nordeste,1,750,2026-09-07
C0721,Headset,Áudio,Sudeste,1,280,2026-01-21
C0722,SSD,Armazenamento,Sul,5,2250,2026-04-21
C0723,Mouse,Periféricos,Sul,3,360,2026-08-29
C0724,Monitor,Informática,Norte,1,900,2026-10-14
C0725,Teclado,Periféricos,Sul,3,660,2026-10-28
C0726,Mouse,Periféricos,Sudeste,5,600,2026-12-25
C0727,Cadeira Gamer,Móveis,Sul,5,6500,2026-04-08
C0728,Celular,Telefonia,Centro-Oeste,1,2200,2026-11-30
C0729,Headset,Áudio,Sudeste,5,1400,2026-06-12
C0730,Headset,Áudio,Centro-Oeste,1,280,2026-02-24
C0731,Impressora,Escritório,Nordeste,2,1500,2026-09-17
C0732,SSD,Armazenamento,Norte,1,450,2026-04-26
C0733,Monitor,Informática,Norte,1,900,2026-06-28
C0734,Mouse,Periféricos,Norte,3,360,2026-03-14
C0735,Cadeira Gamer,Móveis,Sul,1,1300,2026-08-21
C0736,SSD,Armazenamento,Sul,5,2250,2026-08-04
C0737,Cadeira Gamer,Móveis,Sudeste,4,5200,2026-02-15
C0738,Cadeira Gamer,Móveis,Norte,5,6500,2026-04-21
C0739,Mouse,Periféricos,Sul,3,360,2026-11-16
C0740,SSD,Armazenamento,Sudeste,2,900,2026-01-27
C0741,Mouse,Periféricos,Nordeste,3,360,2026-11-08
C0742,Teclado,Periféricos,Norte,4,880,2026-02-24
C0743,Mouse,Periféricos,Centro-Oeste,1,120,2026-04-20
C0744,Celular,Telefonia,Sul,2,4400,2026-12-07
C0745,Cadeira Gamer,Móveis,Norte,4,5200,2026-02-08
C0746,Mouse,Periféricos,Sul,4,480,2026-09-30
C0747,Headset,Áudio,Sudeste,1,280,2026-05-17
C0748,Impressora,Escritório,Centro-Oeste,2,1500,2026-10-15
C0749,Headset,Áudio,Norte,1,280,2026-12-06
C0750,Monitor,Informática,Centro-Oeste,3,2700,2026-09-28
C0751,Teclado,Periféricos,Sudeste,4,880,2026-03-12
C0752,Monitor,Informática,Norte,1,900,2026-12-30
C0753,Celular,Telefonia,Sul,4,8800,2026-10-14
C0754,Impressora,Escritório,Norte,3,2250,2026-05-20
C0755,Impressora,Escritório,Nordeste,1,750,2026-09-23
C0756,Notebook,Informática,Norte,3,10500,2026-06-30
C0757,Impressora,Escritório,Centro-Oeste,3,2250,2026-07-10
C0758,Impressora,Escritório,Sudeste,5,3750,2026-12-22
C0759,Notebook,Informática,Centro-Oeste,3,10500,2026-12-24
C0760,Mouse,Periféricos,Norte,3,360,2026-08-20
C0761,Mouse,Periféricos,Nordeste,4,480,2026-11-13
C0762,Impressora,Escritório,Nordeste,4,3000,2026-03-12
C0763,Notebook,Informática,Centro-Oeste,5,17500,2026-05-02
C0764,Cadeira Gamer,Móveis,Norte,2,2600,2026-02-01
C0765,Monitor,Informática,Sul,1,900,2026-08-22
C0766,SSD,Armazenamento,Nordeste,5,2250,2026-01-20
C0767,Notebook,Informática,Sul,2,7000,2026-10-08
C0768,Headset,Áudio,Norte,1,280,2026-11-19
C0769,Mouse,Periféricos,Sul,1,120,2026-09-17
C0770,Headset,Áudio,Norte,2,560,2026-10-16
C0771,SSD,Armazenamento,Centro-Oeste,5,2250,2026-11-27
C0772,Monitor,Informática,Sudeste,1,900,2026-11-12
C0773,Headset,Áudio,Centro-Oeste,3,840,2026-05-10
C0774,Celular,Telefonia,Sudeste,3,6600,2026-11-01
C0775,Teclado,Periféricos,Sul,1,220,2026-01-14
C0776,Impressora,Escritório,Sul,4,3000,2026-02-06
C0777,Cadeira Gamer,Móveis,Centro-Oeste,4,5200,2026-12-23
C0778,Notebook,Informática,Sul,3,10500,2026-08-26
C0779,Celular,Telefonia,Sudeste,1,2200,2026-10-23
C0780,Headset,Áudio,Norte,3,840,2026-12-21
C0781,Mouse,Periféricos,Norte,3,360,2026-09-27
C0782,Impressora,Escritório,Sul,4,3000,2026-03-24
C0783,Mouse,Periféricos,Norte,4,480,2026-12-12
C0784,Celular,Telefonia,Sudeste,4,8800,2026-04-23
C0785,Headset,Áudio,Sudeste,1,280,2026-06-01
C0786,Cadeira Gamer,Móveis,Centro-Oeste,2,2600,2026-07-03
C0787,Headset,Áudio,Sudeste,2,560,2026-12-28
C0788,Webcam,Periféricos,Nordeste,1,180,2026-08-06
C0789,Teclado,Periféricos,Sudeste,5,1100,2026-09-21
C0790,Celular,Telefonia,Norte,4,8800,2026-06-21
C0791,Webcam,Periféricos,Sudeste,3,540,2026-12-22
C0792,Headset,Áudio,Sul,1,280,2026-08-30
C0793,Mouse,Periféricos,Norte,2,240,2026-02-16
C0794,Teclado,Periféricos,Centro-Oeste,3,660,2026-01-18
C0795,Notebook,Informática,Norte,5,17500,2026-10-05
C0796,Teclado,Periféricos,Nordeste,3,660,2026-11-01
C0797,Webcam,Periféricos,Sudeste,2,360,2026-11-29
C0798,Headset,Áudio,Nordeste,4,1120,2026-05-22
C0799,Headset,Áudio,Norte,2,560,2026-06-06
C0800,Impressora,Escritório,Sul,2,1500,2026-01-24
C0801,Teclado,Periféricos,Sudeste,3,660,2026-11-11
C0802,Teclado,Periféricos,Sul,1,220,2026-12-19
C0803,Mouse,Periféricos,Sul,4,480,2026-08-12
C0804,Teclado,Periféricos,Sudeste,4,880,2026-07-23
C0805,Mouse,Periféricos,Sul,2,240,2026-09-15
C0806,Celular,Telefonia,Norte,2,4400,2026-01-22
C0807,Headset,Áudio,Nordeste,4,1120,2026-03-09
C0808,SSD,Armazenamento,Sul,3,1350,2026-11-20
C0809,Headset,Áudio,Nordeste,4,1120,2026-06-14
C0810,Monitor,Informática,Centro-Oeste,4,3600,2026-03-03
C0811,SSD,Armazenamento,Sudeste,2,900,2026-02-11
C0812,Cadeira Gamer,Móveis,Sudeste,5,6500,2026-01-24
C0813,Cadeira Gamer,Móveis,Sudeste,3,3900,2026-12-11
C0814,Webcam,Periféricos,Sul,5,900,2026-02-17
C0815,Webcam,Periféricos,Nordeste,3,540,2026-01-08
C0816,Impressora,Escritório,Norte,4,3000,2026-10-26
C0817,Webcam,Periféricos,Norte,5,900,2026-04-10
C0818,Notebook,Informática,Sul,5,17500,2026-05-25
C0819,Notebook,Informática,Sul,2,7000,2026-07-12
C0820,Cadeira Gamer,Móveis,Sul,3,3900,2026-09-23
C0821,Monitor,Informática,Sul,5,4500,2026-09-23
C0822,Webcam,Periféricos,Sudeste,1,180,2026-02-16
C0823,Cadeira Gamer,Móveis,Sudeste,4,5200,2026-12-10
C0824,Notebook,Informática,Norte,3,10500,2026-11-17
C0825,Monitor,Informática,Norte,3,2700,2026-10-05
C0826,Notebook,Informática,Nordeste,4,14000,2026-10-05
C0827,Teclado,Periféricos,Nordeste,4,880,2026-03-08
C0828,Teclado,Periféricos,Sul,3,660,2026-09-25
C0829,Mouse,Periféricos,Norte,2,240,2026-11-30
C0830,Cadeira Gamer,Móveis,Centro-Oeste,1,1300,2026-01-12
C0831,Monitor,Informática,Sudeste,5,4500,2026-10-08
C0832,Teclado,Periféricos,Sudeste,4,880,2026-02-01
C0833,Mouse,Periféricos,Sudeste,1,120,2026-03-25
C0834,SSD,Armazenamento,Norte,2,900,2026-05-07
C0835,Monitor,Informática,Norte,2,1800,2026-06-07
C0836,Webcam,Periféricos,Norte,1,180,2026-06-30
C0837,Teclado,Periféricos,Nordeste,1,220,2026-08-06
C0838,Webcam,Periféricos,Centro-Oeste,5,900,2026-08-16
C0839,Webcam,Periféricos,Nordeste,4,720,2026-06-28
C0840,Celular,Telefonia,Norte,4,8800,2026-09-20
C0841,Notebook,Informática,Sul,2,7000,2026-06-08
C0842,Cadeira Gamer,Móveis,Centro-Oeste,2,2600,2026-05-15
C0843,Mouse,Periféricos,Centro-Oeste,5,600,2026-12-03
C0844,SSD,Armazenamento,Sudeste,4,1800,2026-01-31
C0845,Headset,Áudio,Centro-Oeste,3,840,2026-08-03
C0846,Teclado,Periféricos,Sul,4,880,2026-10-28
C0847,Celular,Telefonia,Nordeste,2,4400,2026-09-24
C0848,Webcam,Periféricos,Norte,2,360,2026-04-10
C0849,SSD,Armazenamento,Sul,3,1350,2026-02-08
C0850,Teclado,Periféricos,Centro-Oeste,1,220,2026-07-19
C0851,Notebook,Informática,Nordeste,1,3500,2026-06-16
C0852,Impressora,Escritório,Norte,4,3000,2026-06-20
C0853,Celular,Telefonia,Nordeste,2,4400,2026-09-02
C0854,Monitor,Informática,Norte,3,2700,2026-04-20
C0855,Mouse,Periféricos,Norte,3,360,2026-11-16
C0856,Celular,Telefonia,Norte,5,11000,2026-02-17
C0857,Headset,Áudio,Nordeste,1,280,2026-05-08
C0858,Teclado,Periféricos,Sudeste,2,440,2026-11-15
C0859,Celular,Telefonia,Centro-Oeste,4,8800,2026-05-16
C0860,Notebook,Informática,Centro-Oeste,4,14000,2026-04-06
C0861,SSD,Armazenamento,Sudeste,3,1350,2026-01-23
C0862,Mouse,Periféricos,Sudeste,2,240,2026-07-21
C0863,Cadeira Gamer,Móveis,Sudeste,5,6500,2026-10-15
C0864,Celular,Telefonia,Norte,4,8800,2026-01-22
C0865,Monitor,Informática,Nordeste,2,1800,2026-11-04
C0866,Monitor,Informática,Sul,4,3600,2026-04-26
C0867,Monitor,Informática,Nordeste,5,4500,2026-10-06
C0868,Mouse,Periféricos,Sudeste,5,600,2026-10-19
C0869,Monitor,Informática,Centro-Oeste,5,4500,2026-08-13
C0870,Cadeira Gamer,Móveis,Centro-Oeste,1,1300,2026-12-09
C0871,Mouse,Periféricos,Norte,5,600,2026-10-02
C0872,Impressora,Escritório,Sul,4,3000,2026-05-23
C0873,Cadeira Gamer,Móveis,Sudeste,5,6500,2026-03-30
C0874,Impressora,Escritório,Norte,1,750,2026-02-26
C0875,Celular,Telefonia,Nordeste,2,4400,2026-12-04
C0876,Webcam,Periféricos,Norte,3,540,2026-07-21
C0877,Impressora,Escritório,Centro-Oeste,1,750,2026-03-29
C0878,Cadeira Gamer,Móveis,Sul,4,5200,2026-05-29
C0879,Mouse,Periféricos,Sul,3,360,2026-01-10
C0880,Cadeira Gamer,Móveis,Nordeste,2,2600,2026-07-08
C0881,SSD,Armazenamento,Sudeste,2,900,2026-03-02
C0882,Notebook,Informática,Sul,1,3500,2026-07-03
C0883,Cadeira Gamer,Móveis,Nordeste,2,2600,2026-01-09
C0884,SSD,Armazenamento,Sul,1,450,2026-12-21
C0885,Celular,Telefonia,Nordeste,3,6600,2026-05-09
C0886,Mouse,Periféricos,Norte,5,600,2026-12-09
C0887,Headset,Áudio,Nordeste,2,560,2026-08-20
C0888,SSD,Armazenamento,Centro-Oeste,2,900,2026-04-13
C0889,Monitor,Informática,Norte,2,1800,2026-03-15
C0890,Notebook,Informática,Sudeste,5,17500,2026-12-01
C0891,Teclado,Periféricos,Nordeste,2,440,2026-09-21
C0892,Headset,Áudio,Sul,3,840,2026-06-29
C0893,Notebook,Informática,Norte,4,14000,2026-07-09
C0894,Headset,Áudio,Sudeste,4,1120,2026-09-12
C0895,Impressora,Escritório,Centro-Oeste,1,750,2026-07-22
C0896,Cadeira Gamer,Móveis,Sul,3,3900,2026-03-08
C0897,Teclado,Periféricos,Norte,5,1100,2026-02-15
C0898,Celular,Telefonia,Sudeste,1,2200,2026-07-04
C0899,Teclado,Periféricos,Nordeste,4,880,2026-02-08
C0900,Webcam,Periféricos,Centro-Oeste,3,540,2026-12-23
C0901,Cadeira Gamer,Móveis,Nordeste,3,3900,2026-06-14
C0902,Mouse,Periféricos,Sudeste,1,120,2026-11-30
C0903,Impressora,Escritório,Nordeste,1,750,2026-03-31
C0904,SSD,Armazenamento,Sudeste,2,900,2026-10-01
C0905,Headset,Áudio,Norte,5,1400,2026-11-12
C0906,Headset,Áudio,Norte,5,1400,2026-01-29
C0907,Monitor,Informática,Sudeste,4,3600,2026-07-26
C0908,Teclado,Periféricos,Sudeste,5,1100,2026-12-05
C0909,Impressora,Escritório,Sul,2,1500,2026-05-26
C0910,SSD,Armazenamento,Sudeste,2,900,2026-01-24
C0911,Headset,Áudio,Sudeste,3,840,2026-06-17
C0912,Webcam,Periféricos,Nordeste,4,720,2026-03-03
C0913,Webcam,Periféricos,Sul,4,720,2026-03-08
C0914,Cadeira Gamer,Móveis,Nordeste,3,3900,2026-07-09
C0915,Mouse,Periféricos,Nordeste,1,120,2026-01-16
C0916,Celular,Telefonia,Centro-Oeste,4,8800,2026-04-07
C0917,Mouse,Periféricos,Nordeste,1,120,2026-03-12
C0918,SSD,Armazenamento,Sudeste,3,1350,2026-07-03
C0919,Monitor,Informática,Norte,1,900,2026-07-02
C0920,SSD,Armazenamento,Norte,5,2250,2026-11-25
C0921,Cadeira Gamer,Móveis,Sul,4,5200,2026-10-24
C0922,SSD,Armazenamento,Nordeste,5,2250,2026-02-12
C0923,Cadeira Gamer,Móveis,Norte,3,3900,2026-11-25
C0924,Celular,Telefonia,Sudeste,2,4400,2026-01-24
C0925,Webcam,Periféricos,Norte,3,540,2026-10-17
C0926,Impressora,Escritório,Centro-Oeste,5,3750,2026-12-18
C0927,SSD,Armazenamento,Nordeste,1,450,2026-06-30
C0928,Teclado,Periféricos,Sul,4,880,2026-03-30
C0929,Headset,Áudio,Sudeste,3,840,2026-04-17
C0930,Celular,Telefonia,Sul,5,11000,2026-10-16
C0931,Celular,Telefonia,Nordeste,2,4400,2026-07-25
C0932,Headset,Áudio,Sudeste,4,1120,2026-12-20
C0933,Impressora,Escritório,Sul,2,1500,2026-03-08
C0934,Headset,Áudio,Norte,1,280,2026-08-07
C0935,Webcam,Periféricos,Sul,1,180,2026-02-10
C0936,Celular,Telefonia,Sul,1,2200,2026-10-15
C0937,Webcam,Periféricos,Nordeste,1,180,2026-01-31
C0938,Headset,Áudio,Centro-Oeste,5,1400,2026-07-29
C0939,Webcam,Periféricos,Sul,3,540,2026-01-19
C0940,Mouse,Periféricos,Sul,1,120,2026-07-07
C0941,Teclado,Periféricos,Sul,2,440,2026-12-22
C0942,Cadeira Gamer,Móveis,Nordeste,4,5200,2026-09-13
C0943,Webcam,Periféricos,Nordeste,4,720,2026-02-18
C0944,Notebook,Informática,Nordeste,3,10500,2026-11-16
C0945,Impressora,Escritório,Norte,3,2250,2026-07-02
C0946,Mouse,Periféricos,Sul,3,360,2026-12-20
C0947,SSD,Armazenamento,Nordeste,4,1800,2026-06-21
C0948,Cadeira Gamer,Móveis,Sul,3,3900,2026-04-14
C0949,Headset,Áudio,Nordeste,4,1120,2026-05-03
C0950,Impressora,Escritório,Norte,3,2250,2026-07-26
C0951,Cadeira Gamer,Móveis,Sul,4,5200,2026-02-01
C0952,SSD,Armazenamento,Centro-Oeste,4,1800,2026-05-23
C0953,Teclado,Periféricos,Nordeste,4,880,2026-07-08
C0954,SSD,Armazenamento,Nordeste,5,2250,2026-03-01
C0955,SSD,Armazenamento,Sul,3,1350,2026-11-20
C0956,Impressora,Escritório,Centro-Oeste,5,3750,2026-04-09
C0957,Mouse,Periféricos,Sul,3,360,2026-03-05
C0958,Teclado,Periféricos,Sudeste,4,880,2026-02-08
C0959,SSD,Armazenamento,Nordeste,1,450,2026-12-30
C0960,Celular,Telefonia,Nordeste,4,8800,2026-12-15
C0961,Monitor,Informática,Sul,1,900,2026-04-15
C0962,Notebook,Informática,Nordeste,5,17500,2026-04-18
C0963,Cadeira Gamer,Móveis,Centro-Oeste,2,2600,2026-01-11
C0964,Mouse,Periféricos,Sudeste,4,480,2026-06-30
C0965,Notebook,Informática,Nordeste,2,7000,2026-11-08
C0966,Mouse,Periféricos,Centro-Oeste,1,120,2026-06-12
C0967,Notebook,Informática,Centro-Oeste,1,3500,2026-10-26
C0968,Webcam,Periféricos,Norte,1,180,2026-06-09
C0969,Monitor,Informática,Norte,1,900,2026-06-04
C0970,Monitor,Informática,Norte,3,2700,2026-10-30
C0971,Webcam,Periféricos,Norte,3,540,2026-06-12
C0972,Teclado,Periféricos,Centro-Oeste,2,440,2026-10-01
C0973,Mouse,Periféricos,Centro-Oeste,3,360,2026-07-07
C0974,Impressora,Escritório,Nordeste,1,750,2026-10-17
C0975,Mouse,Periféricos,Sul,5,600,2026-02-01
C0976,Impressora,Escritório,Sul,2,1500,2026-11-07
C0977,Cadeira Gamer,Móveis,Sudeste,4,5200,2026-04-16
C0978,Cadeira Gamer,Móveis,Centro-Oeste,5,6500,2026-04-23
C0979,Mouse,Periféricos,Centro-Oeste,5,600,2026-08-24
C0980,Celular,Telefonia,Sudeste,3,6600,2026-11-11
C0981,Celular,Telefonia,Norte,2,4400,2026-01-12
C0982,Cadeira Gamer,Móveis,Sudeste,3,3900,2026-08-07
C0983,Webcam,Periféricos,Sul,5,900,2026-08-09
C0984,Headset,Áudio,Nordeste,5,1400,2026-02-01
C0985,Monitor,Informática,Centro-Oeste,3,2700,2026-05-18
C0986,Monitor,Informática,Centro-Oeste,3,2700,2026-06-12
C0987,Teclado,Periféricos,Norte,5,1100,2026-10-31
C0988,Impressora,Escritório,Nordeste,1,750,2026-04-20
C0989,Teclado,Periféricos,Norte,3,660,2026-12-28
C0990,Monitor,Informática,Sudeste,1,900,2026-03-05
C0991,SSD,Armazenamento,Sudeste,3,1350,2026-03-17
C0992,Monitor,Informática,Sul,4,3600,2026-07-23
C0993,Notebook,Informática,Nordeste,1,3500,2026-10-14
C0994,Notebook,Informática,Norte,2,7000,2026-08-25
C0995,Mouse,Periféricos,Norte,5,600,2026-04-06
C0996,Celular,Telefonia,Sudeste,3,6600,2026-07-27
C0997,Notebook,Informática,Sul,1,3500,2026-08-10
C0998,Headset,Áudio,Sul,2,560,2026-11-02
C0999,Celular,Telefonia,Norte,4,8800,2026-09-09
C1000,Monitor,Informática,Norte,3,2700,2026-01-30
